{"accuracy":{"0":83.0508474576},"precision":{"0":0.796875},"recall":{"0":0.8793103448},"f1_score":{"0":0.8360655738}}