{"W0":{"0":1.3816279177},"W1":{"0":1.3816279177},"W2":{"0":1.7322416316}}